{
  "BiLSTM": {
    "accuracy": [
      0.8124378109452737,
      0.8077114427860697,
      0.8002487562189055,
      0.8067164179104478,
      0.8151741293532339
    ],
    "f1_macro": [
      0.5492275337564912,
      0.546220033187413,
      0.5424441622773234,
      0.5450913339982753,
      0.5520532205015526
    ],
    "mean_accuracy": 0.808457711442786,
    "std_accuracy": 0.0051366803976678,
    "mean_f1": 0.547007256744211,
    "std_f1": 0.0033317770712392196
  },
  "CNN": {
    "accuracy": [
      0.8002487562189055,
      0.8054726368159204,
      0.7920398009950249,
      0.799502487562189,
      0.813681592039801
    ],
    "f1_macro": [
      0.5393950903190878,
      0.5460229759113796,
      0.5358615164621011,
      0.5414822587292484,
      0.5519116942400007
    ],
    "mean_accuracy": 0.8021890547263683,
    "std_accuracy": 0.007167287882712201,
    "mean_f1": 0.5429347071323636,
    "std_f1": 0.005564031297333854
  }
}