{
  "BiLSTM": {
    "accuracy": [
      0.7431665062904358,
      0.8200761079788208,
      0.8381621241569519,
      0.8494000434875488,
      0.8633304238319397
    ],
    "loss": [
      0.6422672271728516,
      0.5139371752738953,
      0.4727242588996887,
      0.4470030665397644,
      0.40313786268234253
    ],
    "val_accuracy": [
      0.7860696315765381,
      0.7923714518547058,
      0.7943615317344666,
      0.7907130718231201,
      0.7893863916397095
    ],
    "val_loss": [
      0.5552591681480408,
      0.5478872656822205,
      0.5513904690742493,
      0.5592642426490784,
      0.5802341103553772
    ],
    "learning_rate": [
      0.0010000000474974513,
      0.0010000000474974513,
      0.0010000000474974513,
      0.0010000000474974513,
      0.0005000000237487257
    ]
  },
  "CNN": {
    "accuracy": [
      0.7431079745292664,
      0.8211881518363953,
      0.8492244482040405,
      0.8669593334197998,
      0.8790752291679382,
      0.9060579538345337
    ],
    "loss": [
      0.6501929759979248,
      0.5047695636749268,
      0.4389854669570923,
      0.3874663710594177,
      0.34132662415504456,
      0.2718977630138397
    ],
    "val_accuracy": [
      0.7688225507736206,
      0.7864013314247131,
      0.7910447716712952,
      0.7827529311180115,
      0.7907130718231201,
      0.7784411311149597
    ],
    "val_loss": [
      0.8808207511901855,
      0.6111909747123718,
      0.5657661557197571,
      0.6106391549110413,
      0.681172251701355,
      0.7572489380836487
    ],
    "learning_rate": [
      0.0010000000474974513,
      0.0010000000474974513,
      0.0010000000474974513,
      0.0010000000474974513,
      0.0010000000474974513,
      0.0005000000237487257
    ]
  }
}