{
  "Naive Bayes": {
    "model_name": "Naive Bayes",
    "metrics": {
      "accuracy": 0.8081592039800995,
      "precision_macro": 0.5319507648649928,
      "recall_macro": 0.5623778115918268,
      "f1_macro": 0.5466829711559987,
      "precision_weighted": 0.7603787055375455,
      "recall_weighted": 0.8081592039800995,
      "f1_weighted": 0.7834655931271496,
      "roc_auc": 0.8390958106614365
    },
    "confusion_matrix": [
      [
        1376,
        0,
        371
      ],
      [
        131,
        0,
        162
      ],
      [
        300,
        0,
        2685
      ]
    ],
    "classification_report": {
      "Negative": {
        "precision": 0.7614831211953514,
        "recall": 0.7876359473382942,
        "f1-score": 0.7743387732132808,
        "support": 1747.0
      },
      "Neutral": {
        "precision": 0.0,
        "recall": 0.0,
        "f1-score": 0.0,
        "support": 293.0
      },
      "Positive": {
        "precision": 0.8343691733996271,
        "recall": 0.8994974874371859,
        "f1-score": 0.8657101402547155,
        "support": 2985.0
      },
      "accuracy": 0.8081592039800995,
      "macro avg": {
        "precision": 0.5319507648649928,
        "recall": 0.5623778115918268,
        "f1-score": 0.5466829711559987,
        "support": 5025.0
      },
      "weighted avg": {
        "precision": 0.7603787055375455,
        "recall": 0.8081592039800995,
        "f1-score": 0.7834655931271496,
        "support": 5025.0
      }
    },
    "train_time": 0.04513192176818848,
    "cv_results": {
      "test_accuracy": [
        0.8174129353233831,
        0.8074626865671641,
        0.8024875621890547,
        0.804228855721393,
        0.813681592039801
      ],
      "test_precision": [
        0.5361703959367509,
        0.5307890363023527,
        0.5267792387034145,
        0.5285080290038127,
        0.5358180429379414
      ],
      "test_recall": [
        0.5701840149723343,
        0.5598557882401995,
        0.5587701943786674,
        0.5585622247674027,
        0.5644209674795676
      ],
      "test_f1": [
        0.5526460302625726,
        0.5448009434530884,
        0.5422979592080691,
        0.5430448240946739,
        0.5495539506888879
      ],
      "train_accuracy": [
        0.8468905472636816,
        0.8465796019900498,
        0.8482587064676617,
        0.8481965174129353,
        0.8441542288557214
      ],
      "mean_test_accuracy": 0.8090547263681591,
      "std_test_accuracy": 0.005660720916370759,
      "mean_test_f1": 0.5464687415414584,
      "std_test_f1": 0.003989425969882533,
      "time_seconds": 8.958232879638672
    }
  },
  "Logistic Regression": {
    "model_name": "Logistic Regression",
    "metrics": {
      "accuracy": 0.8083582089552239,
      "precision_macro": 0.5325274100443752,
      "recall_macro": 0.5632808192843631,
      "f1_macro": 0.5474398884869482,
      "precision_weighted": 0.7611863034366493,
      "recall_weighted": 0.8083582089552239,
      "f1_weighted": 0.7840209766311899,
      "roc_auc": 0.8556769970983188
    },
    "confusion_matrix": [
      [
        1386,
        0,
        361
      ],
      [
        126,
        0,
        167
      ],
      [
        306,
        3,
        2676
      ]
    ],
    "classification_report": {
      "Negative": {
        "precision": 0.7623762376237624,
        "recall": 0.7933600457927876,
        "f1-score": 0.7775596072931277,
        "support": 1747.0
      },
      "Neutral": {
        "precision": 0.0,
        "recall": 0.0,
        "f1-score": 0.0,
        "support": 293.0
      },
      "Positive": {
        "precision": 0.8352059925093633,
        "recall": 0.8964824120603015,
        "f1-score": 0.864760058167717,
        "support": 2985.0
      },
      "accuracy": 0.8083582089552239,
      "macro avg": {
        "precision": 0.5325274100443752,
        "recall": 0.5632808192843631,
        "f1-score": 0.5474398884869482,
        "support": 5025.0
      },
      "weighted avg": {
        "precision": 0.7611863034366493,
        "recall": 0.8083582089552239,
        "f1-score": 0.7840209766311899,
        "support": 5025.0
      }
    },
    "train_time": 1.2536966800689697,
    "cv_results": {
      "test_accuracy": [
        0.8156716417910448,
        0.8097014925373134,
        0.800497512437811,
        0.7980099502487562,
        0.8104477611940298
      ],
      "test_precision": [
        0.5355802055799982,
        0.5322803431675766,
        0.5923893849943677,
        0.5247620025285543,
        0.533713200379867
      ],
      "test_recall": [
        0.5684161149093105,
        0.5624959561757285,
        0.5590306169463766,
        0.5536880244065624,
        0.5615171219175492
      ],
      "test_f1": [
        0.5515096822711035,
        0.5469082044568229,
        0.5439758355916893,
        0.5387332785625415,
        0.5470093519377048
      ],
      "train_accuracy": [
        0.8632462686567164,
        0.8628109452736319,
        0.8659203980099502,
        0.8664800995024876,
        0.8617537313432836
      ],
      "mean_test_accuracy": 0.806865671641791,
      "std_test_accuracy": 0.006593870017214146,
      "mean_test_f1": 0.5456272705639724,
      "std_test_f1": 0.004204951158744597,
      "time_seconds": 8.651342630386353
    }
  },
  "SVM (Linear)": {
    "model_name": "SVM (Linear)",
    "metrics": {
      "accuracy": 0.7940298507462686,
      "precision_macro": 0.5640561619673878,
      "recall_macro": 0.5586268562760058,
      "f1_macro": 0.5503049750249653,
      "precision_weighted": 0.7607610577190351,
      "recall_weighted": 0.7940298507462686,
      "f1_weighted": 0.775017039190608,
      "roc_auc": 0.815682975990368
    },
    "confusion_matrix": [
      [
        1351,
        20,
        376
      ],
      [
        135,
        6,
        152
      ],
      [
        325,
        27,
        2633
      ]
    ],
    "classification_report": {
      "Negative": {
        "precision": 0.7459966869133076,
        "recall": 0.7733257012020607,
        "f1-score": 0.7594154019111861,
        "support": 1747.0
      },
      "Neutral": {
        "precision": 0.11320754716981132,
        "recall": 0.020477815699658702,
        "f1-score": 0.03468208092485549,
        "support": 293.0
      },
      "Positive": {
        "precision": 0.8329642518190447,
        "recall": 0.8820770519262982,
        "f1-score": 0.8568174422388546,
        "support": 2985.0
      },
      "accuracy": 0.7940298507462686,
      "macro avg": {
        "precision": 0.5640561619673878,
        "recall": 0.5586268562760058,
        "f1-score": 0.5503049750249653,
        "support": 5025.0
      },
      "weighted avg": {
        "precision": 0.7607610577190351,
        "recall": 0.7940298507462686,
        "f1-score": 0.775017039190608,
        "support": 5025.0
      }
    },
    "train_time": 4.321095705032349,
    "cv_results": {
      "test_accuracy": [
        0.8019900497512438,
        0.7937810945273632,
        0.781592039800995,
        0.790547263681592,
        0.7925373134328358
      ],
      "test_precision": [
        0.5421279378198088,
        0.594178967125643,
        0.5598516840872518,
        0.5727340214493832,
        0.5485585868105796
      ],
      "test_recall": [
        0.5588605850376075,
        0.5638414705369651,
        0.5533187220303731,
        0.5573635301281326,
        0.5513426407485832
      ],
      "test_f1": [
        0.54579369201923,
        0.5605088431334623,
        0.5476466959856626,
        0.5519453888113851,
        0.5429270889480301
      ],
      "train_accuracy": [
        0.9277363184079602,
        0.9290422885572139,
        0.9297885572139304,
        0.9288557213930348,
        0.9271144278606965
      ],
      "mean_test_accuracy": 0.7920895522388061,
      "std_test_accuracy": 0.00653694237041069,
      "mean_test_f1": 0.549764341779554,
      "std_test_f1": 0.006118819902708765,