{
    "sentiment_distribution": {
        "Positive": 346,
        "Neutral": 203,
        "Negative": 201
    },
    "company_polarity": {
        "MB Bank": 0.5812801451097538,
        "Shopee": 0.19664825178524079,
        "Tiki": 0.32419258694101394,
        "Zalo (VNG)": 0.05777368552018602,
        "com.vng.pubgmobile": -0.19615763171266834
    }
}