{
  "Naive Bayes": {
    "test_accuracy": [
      0.7695099818511797,
      0.762110847410303,
      0.7734189585369259,
      0.7642049420633813,
      0.7715721865400726
    ],
    "test_precision": [
      0.7755366499260359,
      0.7641766799878922,
      0.7758313237884806,
      0.768338337239643,
      0.776275610971783
    ],
    "test_recall": [
      0.7695180623126806,
      0.7621096100995599,
      0.7734189497035988,
      0.7642027107094379,
      0.7715794094056373
    ],
    "test_f1": [
      0.7697842515302695,
      0.7623547452034122,
      0.773719391238556,
      0.7645424370817279,
      0.7712826905316238
    ],
    "train_accuracy": [
      0.8100240829290426,
      0.8131653345432969,
      0.8144916407804265,
      0.8066734145405047,
      0.8111126622923356
    ],
    "mean_test_accuracy": 0.7681633832803725,
    "std_test_accuracy": 0.004321036588097613,
    "mean_test_f1": 0.7683367031171178,
    "std_test_f1": 0.004240939634000397,
    "time_seconds": 7.621110916137695
  },
  "Logistic Regression": {
    "test_accuracy": [
      0.7855647075247801,
      0.7799804551165712,
      0.7802596677369817,
      0.7879380147982689,
      0.7796704831052779
    ],
    "test_precision": [
      0.7946551936383098,
      0.7875125733212945,
      0.7889225493000503,
      0.7976273261550283,
      0.790635914640256
    ],
    "test_recall": [
      0.7855792016920239,
      0.7799768988778553,
      0.78025630643559,
      0.7879276754297017,
      0.7796753281840005
    ],
    "test_f1": [
      0.7850059665676544,
      0.7795495252053798,
      0.7801883599467917,
      0.7875784336913335,
      0.7786179927697013
    ],
    "train_accuracy": [
      0.8386792782101846,
      0.8399008760601724,
      0.8366898188544902,
      0.8367247216502042,
      0.8385104006701103
    ],
    "mean_test_accuracy": 0.7826826656563759,
    "std_test_accuracy": 0.003410893266415396,
    "mean_test_f1": 0.7821880556361721,
    "std_test_f1": 0.0034843298394448925,
    "time_seconds": 5.842132806777954
  },
  "SVM (Linear)": {
    "test_accuracy": [
      0.8123691190841826,
      0.8070640792963842,
      0.8106938433617199,
      0.8155800642189027,
      0.8061993856464674
    ],
    "test_precision": [
      0.8198211926599014,
      0.8132298882858849,
      0.817535439430145,
      0.8228362156489178,
      0.8135468189872673
    ],
    "test_recall": [
      0.812386070369536,
      0.8070591986137455,
      0.810688514489779,
      0.8155694920162418,
      0.8062060640679541
    ],
    "test_f1": [
      0.810902956202319,
      0.8056607352597638,
      0.8093675361084617,
      0.8144538960399855,
      0.8042763764057866
    ],
    "train_accuracy": [
      0.8915221109210848,
      0.8916966248996545,
      0.8900910962968134,
      0.8898118739311018,
      0.8919447159011588
    ],
    "mean_test_accuracy": 0.8103812983215313,
    "std_test_accuracy": 0.0034516262348320338,
    "mean_test_f1": 0.8089323000032633,
    "std_test_f1": 0.003659008049494851,
    "time_seconds": 6.3333165645599365
  },
  "Random Forest": {
    "test_accuracy": [
      0.8672343989948346,
      0.860533296104984,
      0.8645818791009353,
      0.8613709339662152,
      0.8593968165316951
    ],
    "test_precision": [
      0.8676354298643932,
      0.8608353842120745,
      0.8645379164813978,
      0.8616453564463028,
      0.8595168105597267
    ],
    "test_recall": [
      0.8672437502880038,
      0.8605237002870331,
      0.8645737648817565,
      0.8613707531279262,
      0.8594079413499093
    ],
    "test_f1": [
      0.8665797388269675,
      0.8600620305213879,
      0.8640993909272577,
      0.8607257112756898,
      0.8584560349423089
    ],
    "train_accuracy": [
      0.9704373320302956,
      0.9711702907402883,
      0.9722173746117064,
      0.9715193186974277,
      0.9714505095630322
    ],
    "mean_test_accuracy": 0.8626234649397329,
    "std_test_accuracy": 0.0028790622929615204,
    "mean_test_f1": 0.8619845812987224,
    "std_test_f1": 0.0029434499176990213,
    "time_seconds": 67.16263508796692
  }
}