{
  "BiLSTM": {
    "accuracy": [
      0.8124378109452737,
      0.8079601990049752,
      0.7925373134328358,
      0.8077114427860697,
      0.81318407960199
    ],
    "f1_macro": [
      0.5509707362918904,
      0.5465994261772898,
      0.5360715575344451,
      0.5471187788640138,
      0.5510836150001858
    ],
    "mean_accuracy": 0.8067661691542287,
    "std_accuracy": 0.007458373546359198,
    "mean_f1": 0.546368822773565,
    "std_f1": 0.005478250765391211
  },
  "CNN": {
    "accuracy": [
      0.8161691542288557,
      0.8087064676616915,
      0.7873134328358209,
      0.8039800995024876,
      0.8139303482587065
    ],
    "f1_macro": [
      0.5560179130064621,
      0.5476926546391002,
      0.5321867319806758,
      0.5452739868581453,
      0.5517481582267809
    ],
    "mean_accuracy": 0.8060199004975125,
    "std_accuracy": 0.010265406944594319,
    "mean_f1": 0.5465838889422329,
    "std_f1": 0.00807333661758186
  }
}