{
  "BiLSTM": {
    "accuracy": [
      0.7447468638420105,
      0.8256365060806274,
      0.8409130573272705,
      0.849692702293396,
      0.8637986779212952
    ],
    "loss": [
      0.644734799861908,
      0.505518913269043,
      0.4662967324256897,
      0.44001761078834534,
      0.3948427140712738
    ],
    "val_accuracy": [
      0.7920398116111755,
      0.7880597114562988,
      0.7827529311180115,
      0.7897180914878845,
      0.7847429513931274
    ],
    "val_loss": [
      0.5474528670310974,
      0.5473339557647705,
      0.5520625114440918,
      0.5739047527313232,
      0.5951417088508606
    ],
    "learning_rate": [
      0.0010000000474974513,
      0.0010000000474974513,
      0.0010000000474974513,
      0.0010000000474974513,
      0.0005000000237487257
    ]
  },
  "CNN": {
    "accuracy": [
      0.7474977970123291,
      0.8238220810890198,
      0.8491659164428711,
      0.8691249489784241,
      0.8820017576217651,
      0.9111501574516296
    ],
    "loss": [
      0.6376971006393433,
      0.5001828670501709,
      0.43190455436706543,
      0.37392258644104004,
      0.3334212601184845,
      0.25907716155052185
    ],
    "val_accuracy": [
      0.7303482294082642,
      0.7850746512413025,
      0.7887230515480042,
      0.776451051235199,
      0.7810945510864258,
      0.7684908509254456
    ],
    "val_loss": [
      0.8628021478652954,
      0.5787087678909302,
      0.5565664768218994,
      0.6127181649208069,
      0.6185055375099182,
      0.7403018474578857
    ],
    "learning_rate": [
      0.0010000000474974513,
      0.0010000000474974513,
      0.0010000000474974513,
      0.0010000000474974513,
      0.0010000000474974513,
      0.0005000000237487257
    ]
  }
}