{
  "Naive Bayes": {
    "model_name": "Naive Bayes",
    "metrics": {
      "accuracy": 0.7114427860696517,
      "precision_macro": 0.5913767882433856,
      "recall_macro": 0.6308072001333835,
      "f1_macro": 0.5842477057268832,
      "precision_weighted": 0.798112731942946,
      "recall_weighted": 0.7114427860696517,
      "f1_weighted": 0.7447194413976156,
      "roc_auc": 0.8462187541381253
    },
    "confusion_matrix": [
      [
        1267,
        326,
        154
      ],
      [
        107,
        128,
        58
      ],
      [
        402,
        403,
        2180
      ]
    ],
    "classification_report": {
      "Negative": {
        "precision": 0.7134009009009009,
        "recall": 0.725243274184316,
        "f1-score": 0.7192733465796196,
        "support": 1747.0
      },
      "Neutral": {
        "precision": 0.14935822637106183,
        "recall": 0.43686006825938567,
        "f1-score": 0.22260869565217392,
        "support": 293.0
      },
      "Positive": {
        "precision": 0.9113712374581939,
        "recall": 0.7303182579564489,
        "f1-score": 0.8108610749488563,
        "support": 2985.0
      },
      "accuracy": 0.7114427860696517,
      "macro avg": {
        "precision": 0.5913767882433856,
        "recall": 0.6308072001333835,
        "f1-score": 0.5842477057268832,
        "support": 5025.0
      },
      "weighted avg": {
        "precision": 0.798112731942946,
        "recall": 0.7114427860696517,
        "f1-score": 0.7447194413976156,
        "support": 5025.0
      }
    },
    "train_time": 0.008992671966552734,
    "cv_results": {
      "test_accuracy": [
        0.7695099818511797,
        0.762110847410303,
        0.7734189585369259,
        0.7642049420633813,
        0.7715721865400726
      ],
      "test_precision": [
        0.7755366499260359,
        0.7641766799878922,
        0.7758313237884806,
        0.768338337239643,
        0.776275610971783
      ],
      "test_recall": [
        0.7695180623126806,
        0.7621096100995599,
        0.7734189497035988,
        0.7642027107094379,
        0.7715794094056373
      ],
      "test_f1": [
        0.7697842515302695,
        0.7623547452034122,
        0.773719391238556,
        0.7645424370817279,
        0.7712826905316238
      ],
      "train_accuracy": [
        0.8100240829290426,
        0.8131653345432969,
        0.8144916407804265,
        0.8066734145405047,
        0.8111126622923356
      ],
      "mean_test_accuracy": 0.7681633832803725,
      "std_test_accuracy": 0.004321036588097613,
      "mean_test_f1": 0.7683367031171178,
      "std_test_f1": 0.004240939634000397,
      "time_seconds": 7.621110916137695
    }
  },
  "Logistic Regression": {
    "model_name": "Logistic Regression",
    "metrics": {
      "accuracy": 0.7281592039800995,
      "precision_macro": 0.579941033700508,
      "recall_macro": 0.5903971342863498,
      "f1_macro": 0.5729309003233054,
      "precision_weighted": 0.7936090429679277,
      "recall_weighted": 0.7281592039800995,
      "f1_weighted": 0.7559282557457657,
      "roc_auc": 0.8235927375960329
    },
    "confusion_matrix": [
      [
        1312,
        251,
        184
      ],
      [
        127,
        76,
        90
      ],
      [
        334,
        380,
        2271
      ]
    ],
    "classification_report": {
      "Negative": {
        "precision": 0.7399887196841511,
        "recall": 0.7510017172295363,
        "f1-score": 0.7454545454545455,
        "support": 1747.0
      },
      "Neutral": {
        "precision": 0.1074964639321075,
        "recall": 0.2593856655290102,
        "f1-score": 0.152,
        "support": 293.0
      },
      "Positive": {
        "precision": 0.8923379174852653,
        "recall": 0.7608040201005025,
        "f1-score": 0.8213381555153707,
        "support": 2985.0
      },
      "accuracy": 0.7281592039800995,
      "macro avg": {
        "precision": 0.579941033700508,
        "recall": 0.5903971342863498,
        "f1-score": 0.5729309003233054,
        "support": 5025.0
      },
      "weighted avg": {
        "precision": 0.7936090429679277,
        "recall": 0.7281592039800995,
        "f1-score": 0.7559282557457657,
        "support": 5025.0
      }
    },
    "train_time": 1.1223950386047363,
    "cv_results": {
      "test_accuracy": [
        0.7855647075247801,
        0.7799804551165712,
        0.7802596677369817,
        0.7879380147982689,
        0.7796704831052779
      ],
      "test_precision": [
        0.7946551936383098,
        0.7875125733212945,
        0.7889225493000503,
        0.7976273261550283,
        0.790635914640256
      ],
      "test_recall": [
        0.7855792016920239,
        0.7799768988778553,
        0.78025630643559,
        0.7879276754297017,
        0.7796753281840005
      ],
      "test_f1": [
        0.7850059665676544,
        0.7795495252053798,
        0.7801883599467917,
        0.7875784336913335,
        0.7786179927697013
      ],
      "train_accuracy": [
        0.8386792782101846,
        0.8399008760601724,
        0.8366898188544902,
        0.8367247216502042,
        0.8385104006701103
      ],
      "mean_test_accuracy": 0.7826826656563759,
      "std_test_accuracy": 0.003410893266415396,
      "mean_test_f1": 0.7821880556361721,
      "std_test_f1": 0.0034843298394448925,
      "time_seconds": 5.842132806777954
    }
  },
  "SVM (Linear)": {
    "model_name": "SVM (Linear)",
    "metrics": {
      "accuracy": 0.7241791044776119,
      "precision_macro": 0.5669335148555473,
      "recall_macro": 0.5718952103153528,
      "f1_macro": 0.5616066918885686,
      "precision_weighted": 0.7736079182273314,
      "recall_weighted": 0.7241791044776119,
      "f1_weighted": 0.7463175922530038,
      "roc_auc": 0.778262777721706
    },
    "confusion_matrix": [
      [
        1262,
        226,
        259
      ],
      [
        111,
        64,
        118
      ],
      [
        335,
        337,
        2313
      ]
    ],
    "classification_report": {
      "Negative": {
        "precision": 0.7388758782201406,
        "recall": 0.7223812249570692,
        "f1-score": 0.7305354558610709,
        "support": 1747.0
      },
      "Neutral": {
        "precision": 0.10207336523125997,
        "recall": 0.21843003412969283,
        "f1-score": 0.1391304347826087,
        "support": 293.0
      },
      "Positive": {
        "precision": 0.8598513011152417,
        "recall": 0.7748743718592965,
        "f1-score": 0.8151541850220264,
        "support": 2985.0
      },
      "accuracy": 0.7241791044776119,
      "macro avg": {
        "precision": 0.5669335148555473,
        "recall": 0.5718952103153528,
        "f1-score": 0.5616066918885686,
        "support": 5025.0
      },
      "weighted avg": {
        "precision": 0.7736079182273314,
        "recall": 0.7241791044776119,
        "f1-score": 0.7463175922530038,
        "support": 5025.0
      }
    },
    "train_time": 2.4326303005218506,
    "cv_results": {
      "test_accuracy": [
        0.8123691190841826,
        0.8070640792963842,
        0.8106938433617199,
        0.8155800642189027,
        0.8061993856464674
      ],
      "test_precision": [
        0.8198211926599014,
        0.8132298882858849,
        0.817535439430145,
        0.8228362156489178,
        0.8135468189872673
      ],
      "test_recall": [
        0.812386070369536,
        0.8070591986137455,
        0.810688514489779,
        0.8155694920162418,
        0.8062060640679541
      ],
      "test_f1": [
        0.810902956202319,
        0.8056607352597638,
        0.8093675361084617,
        0.8144538960399855,
        0.8042763764057866
      ],
      "train_accuracy": [
        0.8915221109210848,
        0.8916966248996545,
        0.8900910962968134,
        0.8898118739311018,
        0.8919447159011588
      ],
      "mean_test_accuracy": 0.8103812983215313,
      "std_test_accuracy": 0.0034516262348320338,